	feynman-i.12.1	feynman-i.12.4	feynman-i.12.5	feynman-i.14.3	feynman-i.14.4	feynman-i.18.12	feynman-i.18.16	feynman-i.25.13	feynman-i.26.2	feynman-i.27.6	feynman-i.30.5	feynman-i.43.16	feynman-i.47.23	feynman-ii.10.9	feynman-ii.13.17	feynman-ii.15.4	feynman-ii.15.5	feynman-ii.2.42	feynman-ii.27.16	feynman-ii.27.18	feynman-ii.3.24	feynman-ii.34.11	feynman-ii.34.29b	feynman-ii.38.14	feynman-ii.38.3	feynman-ii.4.23	feynman-ii.8.31	feynman-iii.12.43	feynman-iii.15.27	feynman-iii.7.38
gplearn	1.0	1.0	1.0	1.0	1.0	1.0	1.0	1.0	1.0	1.0	1.0	1	1.0	1.0	1.0	1.0	1.0	1.0	1.0	1.0	1.0	1.0	1.0	1.0	1.0	1.0	1.0	1.0	1.0	1.0
gplearn	6.0	65.0	7.0	11.0	8.0	21.0	80.0	47.0	52.0	55.0	698.0	7	143.0	17.0	36.0	75.0	75.0	29.0	10.0	5.0	125.0	115.0	5.0	13.0	33.0	66.0	122.0	35.0	21.0	72.0
no_constant	1.0	6.0	1.0	0.0	5.0	5.0	32.0	4.0	24.0	4.0	169.0	7	7.0	8.0	5.0	22.0	13.0	10.0	4.0	4.0	0.0	14.0	145.0	7.0	6.0	10.0	4.0	2.0	8.0	9.0
no_constant	0.3333333333333333	1.0	0.3333333333333333	0.0	0.8333333333333334	1.0	1.0	0.8	1.0	0.4	1.0	1	0.875	1.0	0.8333333333333334	1.0	1.0	0.9090909090909092	0.8	0.8	0.0	1.0	1.0	0.875	0.8571428571428571	1.0	0.8	0.6666666666666666	0.8888888888888888	1.0
no_constant	1.0	5.0	1.0	0.0	1.0	5.0	6.0	4.0	11.0	15.0	44.0	7	7.0	7.0	5.0	6.0	5.0	10.0	4.0	31.0	5.0	37.0	5.0	0.0	24.0	15.0	4.0	2.0	8.0	12.0
epoch5_lr6	0.3333333333333333	0.8333333333333334	0.3333333333333333	0.0	0.16666666666666666	1.0	1.0	0.8	1.0	1.0	1.0	1	0.875	0.875	0.8333333333333334	1.0	0.8333333333333334	0.9090909090909091	0.8	1.0	0.8333333333333334	1.0	1.0	0.0	1.0	1.0	0.8	0.6666666666666666	0.8888888888888888	1.0
